{
  "strict_tdd": {
    "n": 3,
    "mean": 0.8566666666666667,
    "M2": 0.007266666666666667
  },
  "balanced": {
    "n": 5,
    "mean": 0.792,
    "M2": 0.016480000000000012
  },
  "exploratory": {
    "n": 2,
    "mean": 0.675,
    "M2": 0.0012499999999999994
  }
}